date,crop,mandi,modal_price,min_price,max_price
2026-06-28,onion,Lasalgaon,1691,1641,1741
2026-06-28,onion,Pimpalgaon,1751,1701,1801
2026-06-28,tomato,Lasalgaon,894,844,944
2026-06-28,tomato,Pimpalgaon,914,864,964
2026-06-29,onion,Lasalgaon,1694,1644,1744
2026-06-29,onion,Pimpalgaon,1754,1704,1804
2026-06-29,tomato,Lasalgaon,896,846,946
2026-06-29,tomato,Pimpalgaon,916,866,966
2026-06-30,onion,Lasalgaon,1697,1647,1747
2026-06-30,onion,Pimpalgaon,1757,1707,1807
2026-06-30,tomato,Lasalgaon,898,848,948
2026-06-30,tomato,Pimpalgaon,918,868,968
2026-07-01,onion,Lasalgaon,1700,1650,1750
2026-07-01,onion,Pimpalgaon,1760,1710,1810
2026-07-01,tomato,Lasalgaon,900,850,950
2026-07-01,tomato,Pimpalgaon,920,870,970
2026-07-02,onion,Lasalgaon,1703,1653,1753
2026-07-02,onion,Pimpalgaon,1763,1713,1813
2026-07-02,tomato,Lasalgaon,902,852,952
2026-07-02,tomato,Pimpalgaon,922,872,972
2026-07-03,onion,Lasalgaon,1706,1656,1756
2026-07-03,onion,Pimpalgaon,1766,1716,1816
2026-07-03,tomato,Lasalgaon,904,854,954
2026-07-03,tomato,Pimpalgaon,924,874,974
2026-07-04,onion,Lasalgaon,1709,1659,1759
2026-07-04,onion,Pimpalgaon,1769,1719,1819
2026-07-04,tomato,Lasalgaon,906,856,956
2026-07-04,tomato,Pimpalgaon,926,876,976
2026-07-05,onion,Lasalgaon,1712,1662,1762
2026-07-05,tomato,Lasalgaon,908,858,958
2026-07-05,tomato,Pimpalgaon,928,878,978
2026-07-06,onion,Lasalgaon,1715,1665,1765
2026-07-06,tomato,Lasalgaon,910,860,960
2026-07-06,tomato,Pimpalgaon,930,880,980
2026-07-07,onion,Lasalgaon,1718,1668,1768
2026-07-07,onion,Pimpalgaon,1778,1728,1828
2026-07-07,tomato,Lasalgaon,912,862,962
2026-07-07,tomato,Pimpalgaon,932,882,982
2026-07-08,onion,Lasalgaon,1721,1671,1771
2026-07-08,onion,Pimpalgaon,1781,1731,1831
2026-07-08,tomato,Lasalgaon,914,864,964
2026-07-08,tomato,Pimpalgaon,934,884,984
2026-07-09,onion,Lasalgaon,1724,1674,1774
2026-07-09,onion,Pimpalgaon,1784,1734,1834
2026-07-09,tomato,Lasalgaon,916,866,966
2026-07-09,tomato,Pimpalgaon,936,886,986
2026-07-10,onion,Lasalgaon,1727,1677,1777
2026-07-10,onion,Pimpalgaon,1787,1737,1837
2026-07-10,tomato,Lasalgaon,918,868,968
2026-07-10,tomato,Pimpalgaon,938,888,988
2026-07-11,onion,Lasalgaon,1730,1680,1780
2026-07-11,onion,Pimpalgaon,1790,1740,1840
2026-07-11,tomato,Lasalgaon,920,870,970
2026-07-11,tomato,Pimpalgaon,940,890,990
2026-07-12,onion,Lasalgaon,1733,1683,1783
2026-07-12,onion,Pimpalgaon,1793,1743,1843
2026-07-12,tomato,Lasalgaon,922,872,972
2026-07-12,tomato,Pimpalgaon,942,892,992
2026-07-13,onion,Pimpalgaon,1796,1746,1846
2026-07-13,tomato,Lasalgaon,924,874,974
2026-07-13,tomato,Pimpalgaon,944,894,994
2026-07-14,onion,Pimpalgaon,1799,1749,1849
2026-07-14,tomato,Lasalgaon,926,876,976
2026-07-14,tomato,Pimpalgaon,946,896,996
2026-07-15,onion,Pimpalgaon,1720,1670,1770
2026-07-15,tomato,Lasalgaon,928,878,978
2026-07-15,tomato,Pimpalgaon,948,898,998
2026-07-16,tomato,Lasalgaon,930,880,980
2026-07-16,tomato,Pimpalgaon,950,900,1000
2026-07-17,onion,Lasalgaon,1748,1698,1798
2026-07-17,tomato,Lasalgaon,932,882,982
2026-07-17,tomato,Pimpalgaon,952,902,1002
2026-07-18,onion,Lasalgaon,1751,1701,1801
2026-07-18,tomato,Lasalgaon,934,884,984
2026-07-18,tomato,Pimpalgaon,954,904,1004
2026-07-19,onion,Lasalgaon,1754,1704,1804
2026-07-19,tomato,Lasalgaon,936,886,986
2026-07-19,tomato,Pimpalgaon,956,906,1006
2026-07-20,onion,Lasalgaon,1757,1707,1807
2026-07-20,onion,Pimpalgaon,1817,1767,1867
2026-07-20,tomato,Lasalgaon,938,888,988
2026-07-20,tomato,Pimpalgaon,958,908,1008
2026-07-21,onion,Lasalgaon,1760,1710,1810
2026-07-21,tomato,Lasalgaon,940,890,990
2026-07-21,tomato,Pimpalgaon,960,910,1010
2026-07-22,onion,Lasalgaon,1763,1713,1813
2026-07-22,onion,Pimpalgaon,1900,1850,1950
2026-07-22,tomato,Lasalgaon,942,892,992
2026-07-22,tomato,Pimpalgaon,962,912,1012
2026-07-23,onion,Lasalgaon,1766,1716,1816
2026-07-23,onion,Pimpalgaon,1826,1776,1876
2026-07-23,tomato,Lasalgaon,944,894,994
2026-07-23,tomato,Pimpalgaon,964,914,1014
2026-07-24,onion,Lasalgaon,1769,1719,1819
2026-07-24,onion,Pimpalgaon,1829,1779,1879
2026-07-24,tomato,Lasalgaon,946,896,996
2026-07-24,tomato,Pimpalgaon,966,916,1016
2026-07-25,onion,Lasalgaon,1772,1722,1822
2026-07-25,onion,Pimpalgaon,1832,1782,1882
2026-07-25,tomato,Lasalgaon,948,898,998
2026-07-25,tomato,Pimpalgaon,968,918,1018
2026-07-26,onion,Lasalgaon,1775,1725,1825
2026-07-26,onion,Pimpalgaon,1870,1820,1920
2026-07-26,tomato,Lasalgaon,950,900,1000
2026-07-26,tomato,Pimpalgaon,970,920,1020
2026-07-27,onion,Lasalgaon,1778,1728,1828
2026-07-27,tomato,Lasalgaon,952,902,1002
2026-07-27,tomato,Pimpalgaon,972,922,1022
2026-07-28,onion,Lasalgaon,1781,1731,1831
2026-07-28,tomato,Lasalgaon,954,904,1004
2026-07-28,tomato,Pimpalgaon,974,924,1024
2026-07-29,onion,Lasalgaon,1784,1734,1834
2026-07-29,onion,Pimpalgaon,1844,1794,1894
2026-07-29,tomato,Lasalgaon,956,906,1006
2026-07-29,tomato,Pimpalgaon,976,926,1026
2026-07-30,onion,Lasalgaon,1787,1737,1837
2026-07-30,onion,Pimpalgaon,1847,1797,1897
2026-07-30,tomato,Lasalgaon,958,908,1008
2026-07-30,tomato,Pimpalgaon,978,928,1028
2026-07-31,onion,Lasalgaon,1790,1740,1840
2026-07-31,onion,Pimpalgaon,1850,1800,1900
2026-07-31,tomato,Lasalgaon,960,910,1010
2026-07-31,tomato,Pimpalgaon,980,930,1030
2026-08-01,onion,Lasalgaon,1793,1743,1843
2026-08-01,onion,Pimpalgaon,1853,1803,1903
2026-08-01,tomato,Lasalgaon,962,912,1012
2026-08-01,tomato,Pimpalgaon,982,932,1032
2026-08-02,onion,Lasalgaon,1796,1746,1846
2026-08-02,onion,Pimpalgaon,1856,1806,1906
2026-08-02,tomato,Lasalgaon,964,914,1014
2026-08-02,tomato,Pimpalgaon,984,934,1034
2026-08-03,onion,Lasalgaon,1799,1749,1849
2026-08-03,onion,Pimpalgaon,1859,1809,1909
2026-08-03,tomato,Lasalgaon,966,916,1016
2026-08-03,tomato,Pimpalgaon,986,936,1036
2026-08-04,onion,Lasalgaon,1802,1752,1852
2026-08-04,onion,Pimpalgaon,1862,1812,1912
2026-08-04,tomato,Lasalgaon,968,918,1018
2026-08-04,tomato,Pimpalgaon,988,938,1038
2026-08-05,onion,Lasalgaon,1805,1755,1855
2026-08-05,onion,Pimpalgaon,1865,1815,1915
2026-08-05,tomato,Lasalgaon,970,920,1020
2026-08-05,tomato,Pimpalgaon,990,940,1040
2026-08-06,onion,Lasalgaon,1808,1758,1858
2026-08-06,onion,Pimpalgaon,1868,1818,1918
2026-08-06,tomato,Lasalgaon,972,922,1022
2026-08-06,tomato,Pimpalgaon,992,942,1042
