as_of_date,village,action,days,mandi,net_per_qtl,net_low,net_high,gain_vs_baseline,gain_from_waiting,confidence,real_net,real_baseline_today,real_best_today,outcome,exclusion_reason
2025-09-15,Niphad,hold,7,Lasalgaon,1295,1122,1688,265,84,medium,1011.0398153516015,1030.2077897716144,1210.9329517387093,lost,
2025-09-15,Ozar,hold,7,Lasalgaon,1251,1077,1643,124,84,medium,966.8407232761535,1126.7123485257764,1166.7338596632612,lost,
2025-09-15,Sinnar,hold,7,Lasalgaon,1226,1053,1619,319,84,medium,942.104830611403,907.4856305076466,1141.9979669985107,lost,
2025-09-18,Niphad,hold,7,Pimpalgaon,1227,1056,1676,98,88,medium,1106.8919081819988,1129.2077897716144,1138.8662387861164,lost,
2025-09-18,Ozar,hold,7,Pimpalgaon,1240,1069,1689,88,88,medium,1119.7380179216589,1151.7123485257764,1151.7123485257764,lost,
2025-09-18,Sinnar,hold,7,Pimpalgaon,1175,1003,1623,417,88,medium,1054.11325957758,757.4856305076466,1086.0875901816976,lost,
2025-09-21,Niphad,hold,7,Pimpalgaon,1219,1048,1597,164,130,medium,1204.810713964989,1054.2077897716144,1088.8662387861164,won,
2025-09-21,Ozar,hold,7,Pimpalgaon,1231,1061,1610,130,130,medium,1217.656823704649,1101.7123485257764,1101.7123485257764,won,
2025-09-21,Sinnar,hold,7,Pimpalgaon,1166,995,1545,433,130,medium,1152.0320653605702,732.4856305076466,1036.0875901816976,won,
2025-09-24,Niphad,hold,7,Pimpalgaon,1287,1067,1604,238,148,medium,1155.851311073494,1049.2077897716144,,unscored,no recent price at best mandi
2025-09-24,Ozar,hold,7,Pimpalgaon,1300,1080,1617,148,148,medium,1168.697420813154,1151.7123485257764,,unscored,no recent price at best mandi
2025-09-24,Sinnar,hold,7,Pimpalgaon,1234,1014,1552,477,148,medium,1103.072662469075,757.4856305076466,,unscored,no recent price at best mandi
2025-09-30,Niphad,hold,7,Pimpalgaon,1431,1182,1759,352,192,medium,1106.8919081819988,1079.2077897716144,,unscored,no recent price at best mandi
2025-09-30,Ozar,hold,7,Pimpalgaon,1444,1195,1772,192,192,medium,1119.7380179216589,1251.7123485257764,,unscored,no recent price at best mandi
2025-09-30,Sinnar,hold,7,Pimpalgaon,1378,1130,1706,651,192,medium,1054.11325957758,727.4856305076466,,unscored,no recent price at best mandi
