crop,mandi,variety,grades,rows,mandi_rows
onion,Lasalgaon,Other,FAQ|Local,1026,1607
onion,Lasalgaon (Niphad),Other,FAQ|Local,976,1442
onion,Lasalgaon (Vinchur),Other,FAQ|Local,955,1461
onion,Nasik,Other,FAQ|Local,903,1374
onion,Pimpalgaon,Other,FAQ|Local,1072,1614
onion,Pune,Local,FAQ|Local,1369,1369
onion,Solapur,Red,FAQ|Local,1250,1325
soybean,Akola,Yellow,FAQ|Non-FAQ,1233,1233
soybean,Amarawati,Other,FAQ|Local|Non-FAQ,1079,1079
soybean,Latur,Yellow,FAQ|Non-FAQ,973,973
soybean,Nagpur,Other,FAQ|Local|Non-FAQ,971,971
soybean,Washim,Yellow,FAQ|Non-FAQ,949,949
tomato,Junnar (Narayangaon),Local,FAQ|Local,1427,1438
tomato,Nasik,Other,FAQ|Local,1214,1214
tomato,Pimpalgaon,Other,FAQ|Local,1341,1341
tomato,Pune,Local,FAQ|Local,1386,1386
tomato,Pune (Pimpri),Local,FAQ|Local,1634,1634
