mandi,district,lat,lon,crops
Akola,Akola,20.71,77.00,soybean
Amarawati,Amravati,20.93,77.75,soybean
Junnar (Narayangaon),Pune,19.12,73.97,tomato
Lasalgaon,Nashik,20.15,74.23,onion
Lasalgaon (Niphad),Nashik,20.08,74.11,onion
Lasalgaon (Vinchur),Nashik,20.10,74.27,onion
Latur,Latur,18.40,76.58,soybean
Nagpur,Nagpur,21.15,79.09,soybean
Nasik,Nashik,20.00,73.79,onion|tomato
Pimpalgaon,Nashik,20.17,73.99,onion|tomato
Pune,Pune,18.49,73.87,onion|tomato
Pune (Pimpri),Pune,18.63,73.80,tomato
Solapur,Solapur,17.66,75.91,onion
Washim,Washim,20.11,77.13,soybean
