village,name_mr,name_hi,lat,lon
Niphad,निफाड,निफाड,20.0797,74.1071
Lasalgaon,लासलगाव,लासलगाँव,20.1427,74.2378
Vinchur,विंचूर,विंचूर,20.1053,74.2252
Chandori,चांदोरी,चांदोरी,20.0233,73.9991
Dindori,दिंडोरी,दिंडोरी,20.2037,73.8326
Vani,वणी,वणी,20.3306,73.8895
Yeola,येवला,येवला,20.0429,74.4880
Sinnar,सिन्नर,सिन्नर,19.8453,74.0000
Satana,सटाणा,सटाणा,20.5991,74.2021
Deola,देवळा,देवला,20.4610,74.1828
Kalwan,कळवण,कलवण,20.4909,74.0241
Nandgaon,नांदगाव,नांदगाँव,20.3079,74.6572
Manmad,मनमाड,मनमाड,20.2520,74.4392
Narayangaon,नारायणगाव,नारायणगाँव,19.1203,73.9733
Otur,ओतूर,ओतूर,19.2634,73.9805
Manchar,मंचर,मंचर,19.0033,73.9427
Sangamner,संगमनेर,संगमनेर,19.5663,74.2113
Rahuri,राहुरी,राहुरी,19.3892,74.6499
Kopargaon,कोपरगाव,कोपरगाँव,19.8850,74.4762
Ausa,औसा,औसा,18.2510,76.5010
Nilanga,निलंगा,निलंगा,18.1292,76.7494
Udgir,उदगीर,उदगीर,18.3921,77.1196
Murud,मुरुड,मुरुड,18.4033,76.2408
Karanja,कारंजा,कारंजा,20.4821,77.4892
Risod,रिसोड,रिसोड,19.9778,76.7898
Chikhli,चिखली,चिखली,20.3491,76.2525
